puid,x_coord_epsg4326,y_coord_epsg4326,species
1,122.0090729,-2.589144561,rabbitfish
2,120.690838,-2.665264893,rabbitfish
3,121.0270966,-2.765400679,rabbitfish
4,122.0743399,-2.744514972,rabbitfish
5,121.0298707,-2.897901555,rabbitfish
6,122.2094146,-2.836043471,rabbitfish
7,122.3043376,-2.953609641,rabbitfish
8,120.6027608,-2.932833003,rabbitfish
9,122.3995613,-3.053409513,rabbitfish
10,122.2809501,-3.041364005,rabbitfish
11,122.3465887,-3.089271477,rabbitfish
12,122.4271803,-3.177066408,rabbitfish
13,120.273479,-3.094764394,rabbitfish
14,122.3853799,-3.131629618,rabbitfish
15,120.5889958,-3.167029822,rabbitfish
16,122.5754649,-3.170403886,rabbitfish
17,121.0183162,-3.216054677,rabbitfish
18,122.6375433,-3.230902285,rabbitfish
19,120.9608647,-3.285823645,rabbitfish
20,122.4706599,-3.259159348,rabbitfish
21,122.5261155,-3.272222744,rabbitfish
22,122.5516554,-3.288252267,rabbitfish
23,122.4956532,-3.296488601,rabbitfish
24,120.8894456,-3.30642613,rabbitfish
25,120.9003898,-3.371241776,rabbitfish
26,122.6907138,-3.370647711,rabbitfish
27,120.4186226,-3.411717156,rabbitfish
28,122.7648286,-3.367912096,rabbitfish
29,122.8515,-3.370032849,rabbitfish
30,122.3367145,-3.346150896,rabbitfish
31,122.3098235,-3.403171802,rabbitfish
32,122.9519608,-3.386207259,rabbitfish
33,122.4819746,-3.377148535,rabbitfish
34,122.429619,-3.411118983,rabbitfish
35,122.8849088,-3.420724719,rabbitfish
36,122.9407956,-3.412827035,rabbitfish
37,122.4977408,-3.44471674,rabbitfish
38,122.4583558,-3.472810359,rabbitfish
39,122.9556586,-3.4960665,rabbitfish
40,120.8773704,-3.514526637,rabbitfish
41,122.4172951,-3.489294438,rabbitfish
42,123.0783467,-3.500508165,rabbitfish
43,122.3180976,-3.495404968,rabbitfish
44,120.4122033,-3.533682207,rabbitfish
45,122.3461527,-3.564226666,rabbitfish
46,122.9590052,-3.537493202,rabbitfish
47,123.0377398,-3.548269855,rabbitfish
48,123.1142963,-3.597527763,rabbitfish
49,123.1749294,-3.577937469,rabbitfish
50,122.2955335,-3.587359703,rabbitfish
51,120.9323739,-3.610181305,rabbitfish
52,120.911733,-3.652715291,rabbitfish
53,120.417602,-3.647575846,rabbitfish
54,120.4317344,-3.633342803,rabbitfish
55,120.9693037,-3.646019033,rabbitfish
56,122.2577657,-3.6385766,rabbitfish
57,120.9890992,-3.69646939,rabbitfish
58,121.0458921,-3.707672654,rabbitfish
59,121.1017536,-3.756704929,rabbitfish
60,121.0491558,-3.754696797,rabbitfish
61,120.4536634,-3.811212254,rabbitfish
62,121.0858798,-3.838415665,rabbitfish
63,121.0172549,-3.866882289,rabbitfish
64,121.2430756,-3.900342172,rabbitfish
65,120.4500131,-3.895283629,rabbitfish
66,120.3724447,-3.908314389,rabbitfish
67,120.447335,-4.011191026,rabbitfish
68,122.7719113,-3.978603099,rabbitfish
69,122.6869471,-3.992171339,rabbitfish
70,122.972488,-4.180813069,rabbitfish
71,120.3882784,-4.039469528,rabbitfish
72,122.6575216,-4.00692383,rabbitfish
73,123.0698528,-4.005103737,rabbitfish
74,122.7537702,-4.014201337,rabbitfish
75,123.2529747,-4.079161221,rabbitfish
76,121.1088391,-3.989634091,rabbitfish
77,121.4619105,-4.026939254,rabbitfish
78,122.7767528,-4.033662025,rabbitfish
79,121.5767862,-4.061681292,rabbitfish
80,122.7965049,-4.093118936,rabbitfish
81,122.8632054,-4.084820743,rabbitfish
82,121.3331861,-4.081065873,rabbitfish
83,121.3954056,-4.095740567,rabbitfish
84,121.1555917,-4.088237418,rabbitfish
85,121.5681851,-4.100013677,rabbitfish
86,121.4382113,-4.136069353,rabbitfish
87,121.5087841,-4.113789051,rabbitfish
88,122.8948435,-4.142725178,rabbitfish
89,121.5422701,-4.159978602,rabbitfish
90,121.4953987,-4.181631743,rabbitfish
91,121.5685859,-4.201673696,rabbitfish
92,120.405363,-4.160449529,rabbitfish
93,122.9071144,-4.182080367,rabbitfish
94,122.9024171,-4.216193677,rabbitfish
95,121.4765043,-4.219886224,rabbitfish
96,121.5309698,-4.215119638,rabbitfish
97,122.9005724,-4.252946387,rabbitfish
98,123.1421527,-4.25067775,rabbitfish
99,120.4416847,-4.333597892,rabbitfish
100,121.510427,-4.346556284,rabbitfish
101,122.8675114,-4.41884691,rabbitfish
102,122.6727692,-4.349917435,rabbitfish
103,123.0055693,-4.399596626,rabbitfish
104,123.0951343,-4.437870032,rabbitfish
105,120.3828581,-4.446365858,rabbitfish
106,122.3146265,-4.485835011,rabbitfish
107,121.4594884,-4.486566442,rabbitfish
108,122.8886375,-4.493369226,rabbitfish
109,122.7405103,-4.500343044,rabbitfish
110,120.4081171,-4.558321806,rabbitfish
111,120.4331031,-4.505667487,rabbitfish
112,122.2835583,-4.540566143,rabbitfish
113,120.5698892,-4.630758643,rabbitfish
114,122.8581782,-4.559601283,rabbitfish
115,123.1974538,-4.569778262,rabbitfish
116,122.3232288,-4.583602392,rabbitfish
117,121.4553235,-4.581309769,rabbitfish
118,120.5024593,-4.616487522,rabbitfish
119,122.4076366,-4.586751962,rabbitfish
120,122.651502,-4.612197935,rabbitfish
121,122.8435722,-4.62517208,rabbitfish
122,122.3122546,-4.651033027,rabbitfish
123,122.5865217,-4.63894406,rabbitfish
124,123.2115621,-4.720336495,rabbitfish
125,122.053404,-4.71240099,rabbitfish
126,122.4555554,-4.620952157,rabbitfish
127,122.3890646,-4.641370302,rabbitfish
128,122.6162919,-4.638465585,rabbitfish
129,122.7448307,-4.85051028,rabbitfish
130,122.4693316,-4.671673047,rabbitfish
131,122.4205507,-4.670738336,rabbitfish
132,120.5282124,-4.709123854,rabbitfish
133,122.5380661,-4.678939627,rabbitfish
134,122.8377908,-4.7202241,rabbitfish
135,122.3893631,-4.698912679,rabbitfish
136,122.4833433,-4.707657617,rabbitfish
137,123.1304909,-4.757151025,rabbitfish
138,121.489883,-4.7188415,rabbitfish
139,122.3123081,-4.711394419,rabbitfish
140,122.3831575,-4.788385118,rabbitfish
141,121.442098,-4.74989483,rabbitfish
142,123.0496612,-4.786949447,rabbitfish
143,120.3554408,-4.876368341,rabbitfish
144,122.260333,-4.764493831,rabbitfish
145,120.6940357,-4.791740165,rabbitfish
146,122.8141289,-4.857421074,rabbitfish
147,121.4508854,-4.801629077,rabbitfish
148,121.6733979,-4.846969657,rabbitfish
149,120.5492453,-4.817009431,rabbitfish
150,122.0377115,-4.873358578,rabbitfish
151,122.2908528,-4.832853744,rabbitfish
152,120.7111772,-4.856967036,rabbitfish
153,121.5091953,-4.84550144,rabbitfish
154,122.1900744,-4.837491019,rabbitfish
155,122.2171174,-4.846568632,rabbitfish
156,123.0104964,-4.894643048,rabbitfish
157,120.5233506,-4.923302845,rabbitfish
158,122.2556717,-4.872177004,rabbitfish
159,122.2195364,-4.899341396,rabbitfish
160,121.542606,-4.899334306,rabbitfish
161,122.2927962,-4.896303361,rabbitfish
162,120.7291656,-4.92667068,rabbitfish
163,122.3294924,-4.940408144,rabbitfish
164,122.0842256,-4.923742334,rabbitfish
165,122.2054181,-4.947357695,rabbitfish
166,122.2651221,-4.929293427,rabbitfish
167,122.2981913,-4.931400771,rabbitfish
168,122.1471874,-4.959710302,rabbitfish
169,122.9761422,-4.995122058,rabbitfish
170,122.2681334,-4.965353537,rabbitfish
171,122.0432403,-4.959159471,rabbitfish
172,122.7033256,-5.002652275,rabbitfish
173,120.3977775,-4.947762999,rabbitfish
174,122.7978901,-4.975906006,rabbitfish
175,122.1696083,-4.97993612,rabbitfish
176,122.227084,-5.001154685,rabbitfish
177,122.165098,-5.014400409,rabbitfish
178,122.3141196,-5.009949417,rabbitfish
179,122.2707436,-5.025194948,rabbitfish
180,122.0883733,-5.022794657,rabbitfish
181,122.7636284,-5.028232822,rabbitfish
182,122.3673162,-5.034205062,rabbitfish
183,122.220115,-5.039763315,rabbitfish
184,122.3449418,-5.050078046,rabbitfish
185,122.1500375,-5.066138059,rabbitfish
186,122.6389836,-5.059894909,rabbitfish
187,122.0499601,-5.414718307,rabbitfish
188,122.3254911,-5.086763113,rabbitfish
189,122.047395,-5.077111129,rabbitfish
190,122.2155285,-5.084657528,rabbitfish
191,122.6068877,-5.136052407,rabbitfish
192,120.4204632,-5.130470306,rabbitfish
193,122.7243606,-5.101000741,rabbitfish
194,122.768413,-5.097958858,rabbitfish
195,122.2870271,-5.112268797,rabbitfish
196,122.9502331,-5.163379279,rabbitfish
197,123.1990107,-5.260096563,rabbitfish
198,122.277761,-5.145051014,rabbitfish
199,122.7435783,-5.168125305,rabbitfish
200,122.625715,-5.196438696,rabbitfish
201,122.795237,-5.202445735,rabbitfish
202,122.6125814,-5.251658068,rabbitfish
203,122.691497,-5.296471465,rabbitfish
204,123.6139451,-5.417839194,rabbitfish
205,124.3236191,-5.321376491,rabbitfish
206,120.4027073,-5.391450752,rabbitfish
207,122.402681,-5.360401512,rabbitfish
208,122.632949,-5.354310015,rabbitfish
209,121.844613,-5.356511682,rabbitfish
210,121.7442745,-5.359257014,rabbitfish
211,123.6764378,-5.391702946,rabbitfish
212,122.6314145,-5.425184258,rabbitfish
213,122.8923116,-5.471848627,rabbitfish
214,122.6021081,-5.456559799,rabbitfish
215,123.7183449,-5.474388511,rabbitfish
216,122.0300081,-5.507762584,rabbitfish
217,121.9650914,-5.480766521,rabbitfish
218,122.5020271,-5.534670498,rabbitfish
219,122.5607371,-5.513181741,rabbitfish
220,122.8783798,-5.576495037,rabbitfish
221,120.2865319,-5.560881707,rabbitfish
222,123.423811,-5.502448899,rabbitfish
223,120.4583144,-5.623739236,rabbitfish
224,119.8797562,-5.613390527,rabbitfish
225,122.5049787,-5.597743936,rabbitfish
226,122.5858176,-5.586432389,rabbitfish
227,122.5303587,-5.620400468,rabbitfish
228,122.4951777,-5.639766352,rabbitfish
229,122.7065908,-5.637791527,rabbitfish
230,120.4297146,-5.652994457,rabbitfish
231,124.04714,-5.653748287,rabbitfish
232,122.7521565,-5.672145447,rabbitfish
233,122.5867091,-5.65691879,rabbitfish
234,122.6128825,-5.657780689,rabbitfish
235,120.2741655,-5.673264855,rabbitfish
236,119.8267896,-5.672853749,rabbitfish
237,124.4931009,-5.718032057,rabbitfish
238,123.9095078,-5.768889203,rabbitfish
239,124.1664034,-5.73291649,rabbitfish
240,120.4847639,-5.748519745,rabbitfish
241,120.483689,-5.766182204,rabbitfish
242,123.9011619,-5.797199972,rabbitfish
243,120.4533111,-5.786180335,rabbitfish
244,120.204936,-5.792050698,rabbitfish
245,124.3359915,-5.801849075,rabbitfish
246,120.4438706,-5.85176827,rabbitfish
247,123.6326831,-5.823422511,rabbitfish
248,123.5568326,-5.618013041,rabbitfish
249,123.7292437,-5.847400987,rabbitfish
250,123.7778636,-5.872130075,rabbitfish
251,123.7293937,-5.907449994,rabbitfish
252,123.8009992,-5.908475334,rabbitfish
253,124.0701918,-5.970976158,rabbitfish
254,123.9664451,-5.932181923,rabbitfish
255,120.4394399,-6.006648339,rabbitfish
256,123.9988859,-5.982593987,rabbitfish
257,124.0428032,-6.016271014,rabbitfish
258,124.3352267,-6.045331159,rabbitfish
259,120.5405263,-5.922378601,rabbitfish
260,124.0686517,-6.034003732,rabbitfish
261,120.3068937,-6.070804871,rabbitfish
262,120.3449878,-6.086958351,rabbitfish
263,120.4304026,-6.265603127,rabbitfish
264,124.6054341,-6.124413534,rabbitfish
265,122.7040192,-6.200967288,rabbitfish
266,120.3844966,-6.295232643,rabbitfish
267,120.5416833,-6.253612004,rabbitfish
268,121.0979623,-6.406456212,rabbitfish
269,120.4955858,-6.464058159,rabbitfish
270,121.1122613,-6.46827691,rabbitfish
271,120.424418,-6.582899998,rabbitfish
272,120.4662382,-6.475413014,rabbitfish
273,121.0427549,-6.499531233,rabbitfish
274,120.9611765,-6.518943759,rabbitfish
275,121.229287,-6.526966706,rabbitfish
276,121.0678926,-6.565295817,rabbitfish
277,120.325575,-6.621204914,rabbitfish
278,120.9379424,-6.576287542,rabbitfish
279,121.1950259,-6.619663118,rabbitfish
280,121.2094406,-6.89298582,rabbitfish
281,120.9732818,-6.656667019,rabbitfish
282,120.9688794,-6.691112025,rabbitfish
283,120.9586764,-6.795913083,rabbitfish
284,120.7727112,-6.856752028,rabbitfish
285,121.2716159,-6.807334326,rabbitfish
286,121.3016087,-6.890548658,rabbitfish
287,121.1158831,-6.907730229,rabbitfish
288,121.265991,-6.906473632,rabbitfish
289,122.2293341,-6.904249334,rabbitfish
290,120.7732193,-6.950395219,rabbitfish
291,120.4445695,-6.957628845,rabbitfish
292,120.7233468,-6.972273462,rabbitfish
293,120.4951386,-6.985844891,rabbitfish
294,121.2718453,-6.980204673,rabbitfish
295,121.2179006,-7.005663721,rabbitfish
296,120.7244281,-7.024882056,rabbitfish
297,120.756861,-7.019561584,rabbitfish
298,120.5995512,-7.035354986,rabbitfish
299,121.1871053,-7.023912809,rabbitfish
300,121.3274632,-7.0152913,rabbitfish
301,121.0541673,-7.025202955,rabbitfish
302,120.4966096,-7.049876076,rabbitfish
303,121.1242859,-7.056205044,rabbitfish
304,120.4203004,-7.11249434,rabbitfish
305,120.4577432,-7.126482639,rabbitfish
306,121.5250868,-7.22960436,rabbitfish
307,120.5636329,-7.206134952,rabbitfish
308,120.9469647,-7.323382349,rabbitfish
309,121.767737,-7.355692912,rabbitfish
310,121.1158175,-7.312555838,rabbitfish
311,122.0935686,-7.425129308,rabbitfish
312,121.420339,-7.456875781,rabbitfish
313,121.7630499,-7.487466591,rabbitfish
314,121.1982093,-7.515207678,rabbitfish
315,123.5902307,-7.79040961,rabbitfish
316,121.2320796,-6.457268226,rabbitfish
317,121.2848841,-6.495359273,rabbitfish
318,121.0329631,-6.636206496,rabbitfish
319,121.0677904,-6.688828227,rabbitfish
320,121.0696881,-6.798680427,rabbitfish
321,121.134272,-6.749656938,rabbitfish
322,121.1620391,-6.770857545,rabbitfish
323,121.1952703,-6.79781919,rabbitfish
324,121.144353,-6.853465759,rabbitfish
325,121.2277433,-6.842771747,rabbitfish
326,121.2258801,-6.711269747,rabbitfish
327,120.9811603,-6.91927495,rabbitfish
328,121.4853882,-7.177372133,rabbitfish
329,121.6091643,-7.22383014,rabbitfish
330,121.7225693,-7.247331877,rabbitfish
331,121.7425176,-7.290474916,rabbitfish
332,121.6654383,-7.30828698,rabbitfish
333,121.5926801,-7.275474955,rabbitfish
334,121.8349051,-7.356578126,rabbitfish
335,121.7863212,-7.416480948,rabbitfish
336,121.1512066,-7.37008042,rabbitfish
337,121.0713971,-7.38509319,rabbitfish
338,120.8263872,-7.284134716,rabbitfish
339,121.0275752,-7.306055495,rabbitfish
340,120.8064906,-6.803099426,rabbitfish
341,120.7781122,-6.794136125,rabbitfish
342,120.803106,-6.863284297,rabbitfish
343,120.7364131,-7.057752556,rabbitfish
344,120.7403646,-7.121919368,rabbitfish
345,120.6147425,-7.109952404,rabbitfish
346,124.0154342,-5.898962057,rabbitfish
347,123.8590134,-5.881886181,rabbitfish
348,123.8451246,-5.815568085,rabbitfish
349,123.9025444,-5.836792154,rabbitfish
350,123.9869678,-5.74341964,rabbitfish
351,123.973647,-5.778212101,rabbitfish
352,123.9175441,-5.725114804,rabbitfish
353,123.794046,-5.835708432,rabbitfish
354,123.7435086,-5.779483665,rabbitfish
355,123.6917176,-5.792974991,rabbitfish
356,123.704271,-5.726863612,rabbitfish
357,123.6467334,-5.743775101,rabbitfish
358,123.6619198,-5.690534365,rabbitfish
359,123.6174661,-5.688027879,rabbitfish
360,123.6113283,-5.631305683,rabbitfish
361,123.4951337,-5.562491429,rabbitfish
362,123.4606106,-5.566232502,rabbitfish
363,123.4592759,-5.526694795,rabbitfish
364,123.4149509,-5.548887556,rabbitfish
365,123.3865309,-5.486487917,rabbitfish
366,123.8650087,-5.554225054,rabbitfish
367,123.79255,-5.501393458,rabbitfish
368,123.8024707,-5.585925675,rabbitfish
369,123.6249092,-5.296023686,rabbitfish
370,123.541401,-5.281839869,rabbitfish
371,123.6236108,-5.377118975,rabbitfish
372,124.2012075,-5.73833068,rabbitfish
373,124.1822028,-5.763997582,rabbitfish
374,124.3783598,-6.047833687,rabbitfish
375,124.355595,-6.095583431,rabbitfish
376,121.7731076,-5.360681627,rabbitfish
377,121.7735305,-5.403849537,rabbitfish
378,121.7423125,-5.399003135,rabbitfish
379,121.7764164,-5.266226063,rabbitfish
380,121.797877,-5.206620374,rabbitfish
381,121.8359707,-5.135389698,rabbitfish
382,121.9173814,-5.079092637,rabbitfish
383,121.9911213,-5.11583776,rabbitfish
384,122.0570926,-5.214459509,rabbitfish
385,122.2812353,-5.212026811,rabbitfish
386,122.26108,-5.311196361,rabbitfish
387,122.3174021,-5.389773859,rabbitfish
388,120.6787842,-5.055208161,rabbitfish
389,120.5556138,-5.062602016,rabbitfish
390,120.4711284,-5.018542925,rabbitfish
391,120.3196386,-5.1526585,rabbitfish
392,121.7619792,-4.856939374,rabbitfish
393,123.0339711,-5.422808274,rabbitfish
394,122.5552866,-5.660898178,rabbitfish
395,122.5108434,-5.700231182,rabbitfish
396,122.4636919,-5.680666616,rabbitfish
397,122.6578795,-5.687802096,rabbitfish
398,122.7163899,-5.68271413,rabbitfish
399,122.8071557,-5.680814149,rabbitfish
400,122.5684396,-5.426829436,rabbitfish
401,122.5133668,-5.394025179,rabbitfish
402,122.5097856,-5.305159621,rabbitfish
403,122.4765206,-5.388981317,rabbitfish
404,123.0694755,-5.164659917,rabbitfish
405,123.1488283,-5.38569964,rabbitfish
406,123.1909083,-4.015460245,rabbitfish
407,123.2201623,-4.162955909,rabbitfish
408,123.0564382,-4.236148531,rabbitfish
409,122.9468721,-4.081956403,rabbitfish
410,122.9807287,-4.005614793,rabbitfish
411,122.8983924,-4.329706614,rabbitfish
412,122.7350429,-4.376545207,rabbitfish
413,122.7838579,-4.416564237,rabbitfish
414,122.8320094,-4.441389691,rabbitfish
415,122.8967451,-4.386557374,rabbitfish
416,122.7032826,-4.392591212,rabbitfish
417,122.743593,-4.422912369,rabbitfish
418,122.6934918,-4.487540183,rabbitfish
419,122.7628593,-4.460236727,rabbitfish
420,122.67735,-4.508401882,rabbitfish
421,122.6499514,-4.46070554,rabbitfish
422,122.6612205,-4.562724804,rabbitfish
423,122.7459012,-4.530993159,rabbitfish
424,122.750898,-4.560017356,rabbitfish
425,122.7378024,-4.587157658,rabbitfish
426,122.7089964,-4.584069971,rabbitfish
427,122.6868208,-4.570967354,rabbitfish
428,122.6995099,-4.525981004,rabbitfish
429,122.6045804,-4.413733835,rabbitfish
430,122.4491018,-4.448747505,rabbitfish
431,122.7441309,-4.679601701,rabbitfish
432,122.7537485,-4.761581363,rabbitfish
433,122.7508463,-4.971365892,rabbitfish
434,122.7689585,-4.925686141,rabbitfish
435,122.7641093,-5.043097214,rabbitfish
436,123.1807598,-4.842366891,rabbitfish
437,123.2132614,-4.816296343,rabbitfish
438,123.2016166,-4.649885094,rabbitfish
439,123.1081806,-4.83915122,rabbitfish
440,123.0332925,-4.838539953,rabbitfish
441,122.7661127,-4.140049169,rabbitfish
442,122.6892718,-4.134205427,rabbitfish
443,122.6666607,-4.065230885,rabbitfish
444,122.3489646,-3.71524594,rabbitfish
445,122.3102838,-3.529458317,rabbitfish
446,122.2800748,-3.427669911,rabbitfish
447,122.3895537,-3.419688804,rabbitfish
448,122.3600702,-3.442159688,rabbitfish
449,122.4866365,-3.482678618,rabbitfish
450,122.3927128,-3.312742887,rabbitfish
451,122.3754841,-3.252721518,rabbitfish
452,122.4278954,-3.279336602,rabbitfish
453,122.4590532,-3.222966084,rabbitfish
454,122.4953874,-3.174957703,rabbitfish
455,122.46133,-3.200396252,rabbitfish
456,122.4657587,-3.143728254,rabbitfish
457,122.6212413,-3.121916112,rabbitfish
458,122.3542741,-3.011721658,rabbitfish
459,122.4641592,-3.061133662,rabbitfish
460,122.5171105,-3.078286178,rabbitfish
461,122.5710501,-3.116502231,rabbitfish
462,122.6015834,-3.367399312,rabbitfish
463,122.9592274,-3.457981744,rabbitfish
464,122.1262162,-4.815514876,rabbitfish
465,121.9328303,-4.899130349,rabbitfish
466,121.5615334,-4.781944594,rabbitfish
467,121.8510988,-4.866106393,rabbitfish
468,122.0591582,-5.313937089,rabbitfish
469,121.8562865,-5.076234384,rabbitfish
470,121.7821588,-5.310302231,rabbitfish
471,121.8048713,-5.299404156,rabbitfish
472,122.080765,-5.485521407,rabbitfish
473,123.2019464,-5.324329988,rabbitfish
474,123.1399515,-5.222267344,rabbitfish
475,122.9781702,-5.085752519,rabbitfish
476,122.9637155,-5.191131781,rabbitfish
477,122.7271699,-5.203107908,rabbitfish
478,122.7516816,-5.24182129,rabbitfish
479,122.7091872,-5.254239622,rabbitfish
480,123.4660756,-5.33884649,rabbitfish
481,123.5096188,-5.376989392,rabbitfish
482,123.4974527,-5.334884571,rabbitfish
483,123.5363348,-5.36244073,rabbitfish
484,123.568591,-5.389573968,rabbitfish
485,123.6928106,-5.48810724,rabbitfish
486,123.7349393,-5.536663281,rabbitfish
487,121.8901687,-5.407269685,rabbitfish
1,121.9188642,20.36847711,"Cuke,Trout"
2,100.0598871,9.591428918,"Cuke,Trout"
3,100.7635673,8.38579623,"Cuke,Trout"
4,100.2246128,5.88854774,"Cuke,Trout"
5,102.9580736,5.719293909,"Cuke,Trout"
6,103.683092,4.838210656,"Cuke,Trout"
7,102.3086716,2.112363271,"Cuke,Trout"
8,104.229585,2.702661935,"Cuke,Trout"
9,104.0873559,2.134631828,"Cuke,Trout"
10,106.0843519,3.006017221,"Cuke,Trout"
11,104.4703675,-0.062151322,"Cuke,Trout"
12,104.1089844,0.951932087,"Cuke,Trout"
13,100.3713512,-1.239315531,"Cuke,Trout"
14,100.4996547,-3.315931378,"Cuke,Trout"
15,101.4822196,-3.067693333,"Cuke,Trout"
16,102.2008718,-3.857546227,"Cuke,Trout"
17,102.2457832,-5.412344638,"Cuke,Trout"
18,103.8645319,-5.218329189,"Cuke,Trout"
19,104.6678014,-5.796535079,"Cuke,Trout"
20,105.2641348,-5.682346459,"Cuke,Trout"
21,105.4707449,-6.033203738,"Cuke,Trout"
22,105.422559,-6.667162753,"Cuke,Trout"
23,105.8480312,-5.871307347,"Cuke,Trout"
24,106.5788324,-5.72455093,"Cuke,Trout"
25,106.3780401,-7.277182446,"Cuke,Trout"
26,108.4800757,-7.73889138,"Cuke,Trout"
27,107.6087426,-6.105153158,"Cuke,Trout"
28,108.4291927,-5.847336524,"Cuke,Trout"
29,109.207731,-6.806037303,"Cuke,Trout"
30,110.3808209,-5.827925344,"Cuke,Trout"
31,110.6749848,-6.536571856,"Cuke,Trout"
32,111.3636877,-6.680307082,"Cuke,Trout"
33,110.4653724,-8.106101463,"Cuke,Trout"
34,112.4865567,-8.383519857,"Cuke,Trout"
35,112.226058,-6.877860663,"Cuke,Trout"
36,112.7111606,-5.81733932,"Cuke,Trout"
37,113.1303744,-6.895819928,"Cuke,Trout"
38,113.2351962,-7.344451789,"Cuke,Trout"
39,113.7711811,-7.685134631,"Cuke,Trout"
40,113.4497686,-8.468991913,"Cuke,Trout"
41,110.1359896,-2.791715456,"Cuke,Trout"
42,110.0675478,-2.274015316,"Cuke,Trout"
43,109.0180895,-1.553313518,"Cuke,Trout"
44,105.6743581,-0.974012259,"Cuke,Trout"
45,105.2910767,-1.197047549,"Cuke,Trout"
46,105.4153012,-1.737874685,"Cuke,Trout"
47,105.7941329,-2.390202838,"Cuke,Trout"
48,106.3052245,-2.090992143,"Cuke,Trout"
49,106.9507143,-2.345005586,"Cuke,Trout"
50,106.2432906,-3.203145796,"Cuke,Trout"
51,107.7864543,-2.974110633,"Cuke,Trout"
52,108.7585746,0.661321284,"Cuke,Trout"
53,108.0399211,0.231764313,"Cuke,Trout"
54,107.2314374,0.141327889,"Cuke,Trout"
55,107.0966903,0.593501125,"Cuke,Trout"
56,106.737364,0.955215462,"Cuke,Trout"
57,107.4279478,1.073886512,"Cuke,Trout"
58,108.919658,2.750422104,"Cuke,Trout"
59,109.050531,2.198207279,"Cuke,Trout"
60,107.7126813,3.188646609,"Cuke,Trout"
61,108.0676021,4.121948399,"Cuke,Trout"
62,113.2321692,3.503338695,"Cuke,Trout"
63,109.8557439,7.682116346,"Cuke,Trout"
64,114.6028774,5.013075509,"Cuke,Trout"
65,115.2713558,5.333622705,"Cuke,Trout"
66,115.4061034,6.152405311,"Cuke,Trout"
67,115.887891,5.934847089,"Cuke,Trout"
68,114.2778516,7.874895202,"Cuke,Trout"
69,113.2051938,8.102372346,"Cuke,Trout"
70,111.9475926,8.117331755,"Cuke,Trout"
71,112.4906379,8.836854614,"Cuke,Trout"
72,114.1326637,8.877383398,"Cuke,Trout"
73,112.9036294,9.591467934,"Cuke,Trout"
74,113.8430641,10.07254061,"Cuke,Trout"
75,114.437357,10.08004558,"Cuke,Trout"
76,115.2624091,10.32166747,"Cuke,Trout"
77,114.5441324,11.05882786,"Cuke,Trout"
78,115.9001799,9.323914043,"Cuke,Trout"
79,116.2744754,8.907268743,"Cuke,Trout"
80,116.5739277,9.100767903,"Cuke,Trout"
81,116.4990601,9.754883924,"Cuke,Trout"
82,115.8178097,10.69651008,"Cuke,Trout"
83,116.492751,11.1934744,"Cuke,Trout"
84,117.4272625,11.6943624,"Cuke,Trout"
85,117.0107287,10.65929962,"Cuke,Trout"
86,117.7596829,10.76617676,"Cuke,Trout"
87,117.3225266,10.27424554,"Cuke,Trout"
88,116.9332425,9.457718739,"Cuke,Trout"
89,121.6178016,19.11473922,"Cuke,Trout"
90,120.7510277,18.54299333,"Cuke,Trout"
91,120.4187114,17.66619809,"Cuke,Trout"
92,120.3356324,16.61931808,"Cuke,Trout"
93,119.9026638,15.95961143,"Cuke,Trout"
94,117.7776633,15.13508466,"Cuke,Trout"
95,119.9575747,15.12346813,"Cuke,Trout"
96,120.2290078,14.71023065,"Cuke,Trout"
97,120.6099418,14.07130914,"Cuke,Trout"
98,120.9682086,13.59084801,"Cuke,Trout"
99,120.2253382,13.79323661,"Cuke,Trout"
100,120.4816585,13.3249569,"Cuke,Trout"
101,120.8109895,12.75464391,"Cuke,Trout"
102,120.4366784,12.66061718,"Cuke,Trout"
103,122.2033739,18.39718038,"Cuke,Trout"
104,122.1734198,17.78124973,"Cuke,Trout"
105,122.3798682,17.02587933,"Cuke,Trout"
106,121.9967903,16.14651429,"Cuke,Trout"
107,121.5146422,15.3264987,"Cuke,Trout"
108,122.0639487,14.8156004,"Cuke,Trout"
109,122.3424658,14.28971463,"Cuke,Trout"
110,123.422896,13.99705934,"Cuke,Trout"
111,124.1723942,13.77900676,"Cuke,Trout"
112,123.935185,13.29775835,"Cuke,Trout"
113,124.0161607,12.99413887,"Cuke,Trout"
114,120.1250229,12.03048653,"Cuke,Trout"
115,119.62817,12.23679993,"Cuke,Trout"
116,119.4416033,11.83280921,"Cuke,Trout"
117,118.9701184,11.20626177,"Cuke,Trout"
118,119.3102723,11.06236198,"Cuke,Trout"
119,119.7736451,11.0353825,"Cuke,Trout"
120,118.2563906,9.047920376,"Cuke,Trout"
121,117.9865537,9.563431782,"Cuke,Trout"
122,118.3468921,7.784940153,"Cuke,Trout"
123,116.2309094,6.678491931,"Cuke,Trout"
124,116.5364633,6.652597985,"Cuke,Trout"
125,116.7664164,6.958356068,"Cuke,Trout"
126,117.0278111,7.95472104,"Cuke,Trout"
127,117.2686106,7.630617294,"Cuke,Trout"
128,118.3705468,7.101492621,"Cuke,Trout"
129,118.1459702,6.154627075,"Cuke,Trout"
130,116.9332383,6.682592602,"Cuke,Trout"
131,117.7117949,7.535030803,"Cuke,Trout"
132,117.5621627,6.96457482,"Cuke,Trout"
133,124.3763817,12.57819679,"Cuke,Trout"
134,125.2668321,12.31585655,"Cuke,Trout"
135,125.5195303,11.05994006,"Cuke,Trout"
136,124.4932229,11.74017607,"Cuke,Trout"
137,123.0963097,13.39961849,"Cuke,Trout"
138,123.0846727,12.99793801,"Cuke,Trout"
139,122.5926383,13.36893918,"Cuke,Trout"
140,121.8584349,13.75188452,"Cuke,Trout"
141,121.8909893,13.35006522,"Cuke,Trout"
142,121.3125519,12.13825873,"Cuke,Trout"
143,120.9716948,11.03012437,"Cuke,Trout"
144,121.1977406,9.685080656,"Cuke,Trout"
145,122.2885279,12.35630539,"Cuke,Trout"
146,121.877359,11.19775538,"Cuke,Trout"
147,122.6616756,10.52956619,"Cuke,Trout"
148,123.4972702,11.73350291,"Cuke,Trout"
149,125.8101158,9.895977123,"Cuke,Trout"
150,122.9640165,9.567322874,"Cuke,Trout"
151,124.0852143,10.39847881,"Cuke,Trout"
152,125.1119864,10.21061509,"Cuke,Trout"
153,126.3132489,8.544068539,"Cuke,Trout"
154,125.0432757,9.033632772,"Cuke,Trout"
155,123.5907534,9.204894622,"Cuke,Trout"
156,123.8793542,8.48807127,"Cuke,Trout"
157,122.4449741,7.928781964,"Cuke,Trout"
158,126.3046567,6.888147357,"Cuke,Trout"
159,125.672866,6.786124473,"Cuke,Trout"
160,126.8427368,4.257651919,"Cuke,Trout"
161,126.5901318,5.558685682,"Cuke,Trout"
162,125.6289461,4.558782146,"Cuke,Trout"
163,125.2726355,5.731040469,"Cuke,Trout"
164,124.237295,6.229780196,"Cuke,Trout"
165,123.9786016,6.855745202,"Cuke,Trout"
166,123.0230812,7.409142087,"Cuke,Trout"
167,120.009962,8.799297332,"Cuke,Trout"
168,121.0144673,5.792484099,"Cuke,Trout"
169,118.7616193,4.602284583,"Cuke,Trout"
170,118.5662284,1.619029482,"Cuke,Trout"
171,117.6804709,0.392063771,"Cuke,Trout"
172,117.053029,-1.144794185,"Cuke,Trout"
173,116.4432935,-2.701997405,"Cuke,Trout"
174,117.0230803,-2.399662886,"Cuke,Trout"
175,117.8658224,-2.779342162,"Cuke,Trout"
176,116.2146123,-3.958371261,"Cuke,Trout"
177,117.067983,-3.60935182,"Cuke,Trout"
178,116.9999098,-4.791838352,"Cuke,Trout"
179,115.6082388,-3.812423179,"Cuke,Trout"
180,115.7754196,-4.68664744,"Cuke,Trout"
181,114.5976227,-5.052142747,"Cuke,Trout"
182,114.4029858,-5.532382998,"Cuke,Trout"
183,115.6755976,-6.77371511,"Cuke,Trout"
184,114.3068896,-7.110726435,"Cuke,Trout"
185,114.6211981,-7.995267026,"Cuke,Trout"
186,114.4703641,-8.642799551,"Cuke,Trout"
187,115.2777865,-8.764152264,"Cuke,Trout"
188,115.6217097,-8.455066786,"Cuke,Trout"
189,116.013821,-8.63481971,"Cuke,Trout"
190,116.5220024,-8.69202755,"Cuke,Trout"
191,116.898351,-8.647580117,"Cuke,Trout"
192,117.4975457,-7.537734089,"Cuke,Trout"
193,117.8026028,-8.492658968,"Cuke,Trout"
194,118.5389622,-8.307443747,"Cuke,Trout"
195,118.4379798,-8.82903762,"Cuke,Trout"
196,118.5148008,-6.933217616,"Cuke,Trout"
197,117.2925686,-5.907311561,"Cuke,Trout"
198,117.8615094,-5.224736361,"Cuke,Trout"
199,118.4603785,-5.502366979,"Cuke,Trout"
200,118.4603784,-5.997254414,"Cuke,Trout"
201,118.9095361,-6.042214543,"Cuke,Trout"
202,118.55021,-4.962055633,"Cuke,Trout"
203,119.3153802,-4.843471481,"Cuke,Trout"
204,119.0733773,-2.72629055,"Cuke,Trout"
205,119.531954,-0.969679446,"Cuke,Trout"
206,120.2702817,0.735786305,"Cuke,Trout"
207,126.4104687,1.316890471,"Cuke,Trout"
208,126.1409741,0.955215462,"Cuke,Trout"
209,125.347468,4.056797911,"Cuke,Trout"
210,125.6119597,3.575525727,"Cuke,Trout"
211,125.5057359,3.098363423,"Cuke,Trout"
212,125.3566734,2.380614796,"Cuke,Trout"
213,124.35619,0.777974813,"Cuke,Trout"
214,124.702422,1.480553061,"Cuke,Trout"
215,121.3991523,1.265224349,"Cuke,Trout"
216,122.709591,0.991039595,"Cuke,Trout"
217,121.4210735,0.416402018,"Cuke,Trout"
218,120.3872377,-0.67025787,"Cuke,Trout"
219,122.0394614,-0.839165402,"Cuke,Trout"
220,122.329119,-0.443489283,"Cuke,Trout"
221,123.3181926,-0.825614675,"Cuke,Trout"
222,123.3189633,-1.734247417,"Cuke,Trout"
223,121.8421841,-1.878041165,"Cuke,Trout"
224,122.4585889,-3.229006519,"Cuke,Trout"
225,122.5589329,-4.854191817,"Cuke,Trout"
226,121.3202203,-4.164221201,"Cuke,Trout"
227,120.703769,-3.08591424,"Cuke,Trout"
228,120.4740944,-4.743932539,"Cuke,Trout"
229,120.3378112,-6.075467376,"Cuke,Trout"
230,121.4577481,-7.092638266,"Cuke,Trout"
231,122.727376,-6.177094818,"Cuke,Trout"
232,119.0951625,-8.5086044,"Cuke,Trout"
233,119.3287522,-8.478930092,"Cuke,Trout"
234,120.449512,-8.879048664,"Cuke,Trout"
235,119.7076662,-8.556796892,"Cuke,Trout"
236,120.7023773,-8.352191803,"Cuke,Trout"
237,121.4447907,-8.856352181,"Cuke,Trout"
238,119.7206495,-9.474836988,"Cuke,Trout"
239,120.1475978,-10.03764633,"Cuke,Trout"
240,121.7369327,-10.57353435,"Cuke,Trout"
241,123.9000985,-5.683905386,"Cuke,Trout"
242,123.357278,-10.45771329,"Cuke,Trout"
243,122.1735379,-8.428406309,"Cuke,Trout"
244,122.1135295,-8.121022258,"Cuke,Trout"
245,122.4580257,-8.687479529,"Cuke,Trout"
246,123.490956,-8.247813215,"Cuke,Trout"
247,123.3819169,-8.451219503,"Cuke,Trout"
248,123.5807756,-7.79266201,"Cuke,Trout"
249,125.0719789,-8.240343714,"Cuke,Trout"
250,124.2994435,-8.214025742,"Cuke,Trout"
251,124.1796377,-8.429230436,"Cuke,Trout"
252,124.6981601,-9.050428827,"Cuke,Trout"
253,125.781648,-9.134215925,"Cuke,Trout"
254,126.5152746,-8.92583889,"Cuke,Trout"
255,127.1577172,-8.468025063,"Cuke,Trout"
256,126.5195572,-8.444858497,"Cuke,Trout"
257,125.7816651,-8.526627905,"Cuke,Trout"
258,125.8644552,-7.929228503,"Cuke,Trout"
259,126.7248759,-7.717973132,"Cuke,Trout"
260,127.1740367,-8.016570075,"Cuke,Trout"
261,127.6771025,-5.439363601,"Cuke,Trout"
262,127.4563628,-7.562215322,"Cuke,Trout"
263,128.5664314,-7.209892721,"Cuke,Trout"
264,129.1503303,-6.985585318,"Cuke,Trout"
265,127.9055162,-8.195608327,"Cuke,Trout"
266,128.6612518,-8.210523243,"Cuke,Trout"
267,129.8007086,-7.921519703,"Cuke,Trout"
268,129.7393209,-6.526483739,"Cuke,Trout"
269,129.9049106,-4.55651005,"Cuke,Trout"
270,131.3182374,-7.56138258,"Cuke,Trout"
271,126.8077824,-3.807217608,"Cuke,Trout"
272,126.0511441,-3.282120331,"Cuke,Trout"
273,127.063039,-3.319920084,"Cuke,Trout"
274,125.0575959,-1.681631647,"Cuke,Trout"
275,124.3565916,-1.889025103,"Cuke,Trout"
276,125.0670826,-1.938344975,"Cuke,Trout"
277,126.0361819,-2.028698548,"Cuke,Trout"
278,127.6616878,-1.476651265,"Cuke,Trout"
279,127.4218439,-0.368530849,"Cuke,Trout"
280,128.3670004,-0.849809814,"Cuke,Trout"
281,128.791006,-1.471297159,"Cuke,Trout"
282,127.4551239,0.70433286,"Cuke,Trout"
283,127.7030259,1.984774313,"Cuke,Trout"
284,128.2500961,2.062521812,"Cuke,Trout"
285,128.2969154,1.372122145,"Cuke,Trout"
286,128.7311151,1.241537037,"Cuke,Trout"
287,128.5481308,0.70401974,"Cuke,Trout"
288,129.0155838,0.796968347,"Cuke,Trout"
289,128.3238815,0.222719546,"Cuke,Trout"
290,129.4871985,-0.069691111,"Cuke,Trout"
291,131.2613706,1.045636422,"Cuke,Trout"
292,131.1073734,0.477227664,"Cuke,Trout"
293,130.1534489,-0.072704543,"Cuke,Trout"
294,129.0604988,-1.124715627,"Cuke,Trout"
295,129.4198249,-1.189297847,"Cuke,Trout"
296,129.7891326,-1.205084667,"Cuke,Trout"
297,129.8090946,-0.823303042,"Cuke,Trout"
298,129.9138983,-0.446506937,"Cuke,Trout"
299,130.2498976,-1.844472027,"Cuke,Trout"
300,131.1202065,-0.097682928,"Cuke,Trout"
301,130.6484067,-0.590131044,"Cuke,Trout"
302,130.8400076,-1.352890323,"Cuke,Trout"
303,131.5757765,-1.873048814,"Cuke,Trout"
304,131.3932401,-0.777589042,"Cuke,Trout"
305,131.6206974,-2.6160739,"Cuke,Trout"
306,132.21583,-3.46269807,"Cuke,Trout"
307,128.1100827,-3.346974422,"Cuke,Trout"
308,129.378354,-2.862743942,"Cuke,Trout"
309,129.2850667,-3.391234658,"Cuke,Trout"
310,130.7182516,-3.342580791,"Cuke,Trout"
311,130.4079497,-3.672537234,"Cuke,Trout"
312,131.1171441,-3.953685093,"Cuke,Trout"
313,131.7145968,-4.622030944,"Cuke,Trout"
314,132.4446243,-5.640313958,"Cuke,Trout"
315,133.0131274,-5.624433017,"Cuke,Trout"
316,134.2258292,-5.871232931,"Cuke,Trout"
317,134.6356343,-6.282639279,"Cuke,Trout"
318,132.8046422,-3.625456639,"Cuke,Trout"
319,133.4622391,-4.195813689,"Cuke,Trout"
320,134.1449146,-3.8575003,"Cuke,Trout"
321,133.7103415,-0.707032738,"Cuke,Trout"
322,134.3066598,0.882873513,"Cuke,Trout"
323,135.9505511,-0.978506093,"Cuke,Trout"
324,134.8995481,-1.054384429,"Cuke,Trout"
325,134.3488189,-2.225071931,"Cuke,Trout"
326,134.8892548,-2.738430621,"Cuke,Trout"
327,135.8178697,-2.937182575,"Cuke,Trout"
328,135.7431686,-1.592488707,"Cuke,Trout"
329,136.3244619,-1.847956046,"Cuke,Trout"
330,136.2919368,-8.464023018,"Cuke,Trout"
331,120.4951774,6.140787395,"Cuke,Trout"
332,138.7173881,-1.576771701,"Cuke,Trout"
333,142.9245048,-1.667159574,"Cuke,Trout"
334,143.6132064,-1.30554817,"Cuke,Trout"
335,144.2609468,-1.315047563,"Cuke,Trout"
336,145.349947,-0.778086294,"Cuke,Trout"
337,145.0617403,-1.497664825,"Cuke,Trout"
338,144.5788937,-3.54167936,"Cuke,Trout"
339,145.9638069,-4.70169019,"Cuke,Trout"
340,147.0368885,-2.216799271,"Cuke,Trout"
341,146.353068,-2.887067161,"Cuke,Trout"
342,147.8652368,-3.398756859,"Cuke,Trout"
343,147.9251198,-3.970324181,"Cuke,Trout"
344,149.7037785,-1.504438721,"Cuke,Trout"
345,149.6768346,-2.6160739,"Cuke,Trout"
346,146.7273674,-4.886974031,"Cuke,Trout"
347,147.094168,-5.28477887,"Cuke,Trout"
348,147.1565137,-5.922277727,"Cuke,Trout"
349,147.8352882,-6.626421224,"Cuke,Trout"
350,148.4544191,-5.94740986,"Cuke,Trout"
351,149.426571,-6.151389098,"Cuke,Trout"
352,147.8128257,-5.457348815,"Cuke,Trout"
353,149.0532419,-5.461553347,"Cuke,Trout"
354,150.2286438,-5.309405935,"Cuke,Trout"
355,151.0937825,-5.086145409,"Cuke,Trout"
356,151.6820107,-4.327796064,"Cuke,Trout"
357,152.3187381,-4.564492747,"Cuke,Trout"
358,150.3901898,-2.538997359,"Cuke,Trout"
359,151.4203371,-3.104593107,"Cuke,Trout"
360,150.8446444,-2.977383999,"Cuke,Trout"
361,151.4077703,-2.904396207,"Cuke,Trout"
362,151.9290401,-2.725760816,"Cuke,Trout"
363,152.3118688,-3.6995923,"Cuke,Trout"
364,153.6563725,-4.051515458,"Cuke,Trout"
365,153.1802642,-3.519119525,"Cuke,Trout"
366,152.7414371,-3.862708806,"Cuke,Trout"
367,152.9257458,-4.696719802,"Cuke,Trout"
368,153.4087476,-1.820434781,"Cuke,Trout"
369,154.6134747,-3.268793592,"Cuke,Trout"
370,154.1594265,-4.484386003,"Cuke,Trout"
371,155.369906,-4.748042785,"Cuke,Trout"
372,156.9531884,-4.781844241,"Cuke,Trout"
373,159.4085819,-4.541484119,"Cuke,Trout"
374,159.3965883,-5.313262111,"Cuke,Trout"
375,159.3786396,-6.222039476,"Cuke,Trout"
376,154.6400196,-5.358226851,"Cuke,Trout"
377,155.5456787,-6.101947072,"Cuke,Trout"
378,155.9094627,-6.927801696,"Cuke,Trout"
379,156.6249527,-7.878615227,"Cuke,Trout"
380,157.6195337,-8.494076829,"Cuke,Trout"
381,157.1841307,-7.150610275,"Cuke,Trout"
382,159.0670868,-7.908284595,"Cuke,Trout"
383,159.6975416,-9.428529846,"Cuke,Trout"
384,159.1155595,-9.064039293,"Cuke,Trout"
385,160.2286899,-11.61461337,"Cuke,Trout"
386,155.7404717,-10.81128908,"Cuke,Trout"
387,160.3716217,-12.65183602,"Cuke,Trout"
388,160.2357423,-9.122953538,"Cuke,Trout"
389,161.0045346,-8.858205335,"Cuke,Trout"
390,160.6940143,-9.707506612,"Cuke,Trout"
391,161.8834668,-10.40340521,"Cuke,Trout"
392,162.8820692,-8.374573661,"Cuke,Trout"
393,166.3555297,-9.988486205,"Cuke,Trout"
394,165.9548438,-10.73726642,"Cuke,Trout"
395,166.7425561,-11.48484412,"Cuke,Trout"
396,168.8259254,-12.30234236,"Cuke,Trout"
397,169.8889285,-11.57996809,"Cuke,Trout"
398,148.0662309,-8.099655511,"Cuke,Trout"
399,148.8760438,-8.385282583,"Cuke,Trout"
400,148.4540992,-8.747052864,"Cuke,Trout"
401,149.4504165,-9.274366155,"Cuke,Trout"
402,149.6207411,-8.5617686,"Cuke,Trout"
403,150.5995111,-8.868840828,"Cuke,Trout"
404,151.3387178,-8.642858371,"Cuke,Trout"
405,151.8905266,-8.840727682,"Cuke,Trout"
406,151.9375901,-9.409340027,"Cuke,Trout"
407,150.7778534,-9.918703889,"Cuke,Trout"
408,152.8770746,-9.241978814,"Cuke,Trout"
409,152.9555842,-10.81863905,"Cuke,Trout"
410,154.0036938,-11.34999013,"Cuke,Trout"
411,152.9857772,-11.30394816,"Cuke,Trout"
412,151.9675257,-10.33725485,"Cuke,Trout"
413,151.2603693,-10.8099553,"Cuke,Trout"
414,149.7571054,-10.54291021,"Cuke,Trout"
415,148.5442698,-10.27052603,"Cuke,Trout"
416,147.3639262,-9.721211046,"Cuke,Trout"
417,146.4576906,-8.740783088,"Cuke,Trout"
418,145.6279944,-10.13385309,"Cuke,Trout"
419,144.8169508,-9.598079223,"Cuke,Trout"
420,144.5326846,-10.21418195,"Cuke,Trout"
421,141.5470812,-10.38174882,"Cuke,Trout"
422,141.591997,-9.535712108,"Cuke,Trout"
423,142.2791903,-10.2039413,"Cuke,Trout"
424,143.406854,-9.849261712,"Cuke,Trout"
425,151.4734651,-5.727381662,"Cuke,Trout"
1,120.8000828,-2.638129288,Mudcrab
2,121.0043133,-2.67801288,Mudcrab
3,120.6097755,-2.694955928,Mudcrab
4,122.1374673,-2.796404349,Mudcrab
5,120.4367882,-2.825701577,Mudcrab
6,122.2194183,-2.879808,Mudcrab
7,121.0692038,-2.902894124,Mudcrab
8,120.2776695,-2.928287786,Mudcrab
9,122.3323771,-3.01234636,Mudcrab
10,122.2799451,-3.003104896,Mudcrab
11,122.3826357,-3.038267616,Mudcrab
12,122.3217088,-3.070791634,Mudcrab
13,122.5030344,-3.073489176,Mudcrab
14,121.051248,-3.132459461,Mudcrab
15,122.3946432,-3.121567838,Mudcrab
16,122.4590174,-3.148331995,Mudcrab
17,120.2585463,-3.077307816,Mudcrab
18,122.4421903,-3.198833236,Mudcrab
19,120.953523,-3.301833787,Mudcrab
20,120.4066485,-3.342243636,Mudcrab
21,122.3221395,-3.270378191,Mudcrab
22,122.3130808,-3.356312144,Mudcrab
23,122.298794,-3.405303313,Mudcrab
24,120.3949972,-3.502192977,Mudcrab
25,122.2915068,-3.503821279,Mudcrab
26,122.2450562,-3.56884707,Mudcrab
27,123.0708724,-3.54201614,Mudcrab
28,122.2663359,-3.66284518,Mudcrab
29,120.4287395,-3.687563358,Mudcrab
30,122.3229523,-3.709126439,Mudcrab
31,122.3623254,-3.740817832,Mudcrab
32,122.4010501,-3.738131347,Mudcrab
33,122.4703531,-3.802407017,Mudcrab
34,122.5063457,-3.856255058,Mudcrab
35,122.5261452,-3.883858364,Mudcrab
36,122.6238268,-3.893118499,Mudcrab
37,120.3574965,-3.909128975,Mudcrab
38,122.5693732,-3.894737496,Mudcrab
39,121.2684528,-3.873587891,Mudcrab
40,122.6349756,-3.943556213,Mudcrab
41,122.6098632,-3.985756289,Mudcrab
42,122.6503918,-4.005597455,Mudcrab
43,123.1683846,-4.008992622,Mudcrab
44,121.5115665,-4.032093321,Mudcrab
45,122.6605053,-4.055076211,Mudcrab
46,122.9772716,-4.030551204,Mudcrab
47,122.970753,-4.160034032,Mudcrab
48,123.2494806,-4.067548767,Mudcrab
49,121.5935828,-4.163969854,Mudcrab
50,122.7872976,-4.094755523,Mudcrab
51,122.682512,-4.141634762,Mudcrab
52,122.8170251,-4.111951828,Mudcrab
53,122.8284858,-4.141150941,Mudcrab
54,122.7066453,-4.141320672,Mudcrab
55,122.7368291,-4.140878914,Mudcrab
56,122.7715141,-4.153102691,Mudcrab
57,122.9021098,-4.172781803,Mudcrab
58,123.0763912,-4.249610062,Mudcrab
59,121.5107588,-4.378633934,Mudcrab
60,120.3717621,-4.295175181,Mudcrab
61,122.6980066,-4.34712959,Mudcrab
62,122.6907832,-4.379393256,Mudcrab
63,122.7653814,-4.403444304,Mudcrab
64,122.8818493,-4.412317613,Mudcrab
65,122.5969082,-4.428893792,Mudcrab
66,122.984043,-4.407733259,Mudcrab
67,122.7358328,-4.420231438,Mudcrab
68,122.8411712,-4.43933724,Mudcrab
69,122.8060042,-4.43310917,Mudcrab
70,122.4244499,-4.445793856,Mudcrab
71,122.4929544,-4.454068655,Mudcrab
72,122.7517538,-4.493984118,Mudcrab
73,122.7026214,-4.484887423,Mudcrab
74,122.3116875,-4.481614559,Mudcrab
75,122.6659453,-4.496385487,Mudcrab
76,122.6839749,-4.493377923,Mudcrab
77,122.206441,-4.498496108,Mudcrab
78,122.8864714,-4.497745686,Mudcrab
79,122.726779,-4.529366344,Mudcrab
80,122.1245089,-4.535227699,Mudcrab
81,122.6908845,-4.566960102,Mudcrab
82,123.1657956,-4.532328941,Mudcrab
83,122.0584856,-4.618220925,Mudcrab
84,122.7260134,-4.566521888,Mudcrab
85,122.742541,-4.566528014,Mudcrab
86,122.327325,-4.579653946,Mudcrab
87,122.8499678,-4.582390279,Mudcrab
88,122.3508256,-4.587538877,Mudcrab
89,123.1984896,-4.642069819,Mudcrab
90,122.7187034,-4.597536048,Mudcrab
91,122.320024,-4.617238937,Mudcrab
92,122.627132,-4.636048577,Mudcrab
93,121.4646579,-4.642770697,Mudcrab
94,122.3527971,-4.69300817,Mudcrab
95,122.7316954,-4.640254116,Mudcrab
96,122.3886405,-4.64320648,Mudcrab
97,122.8346201,-4.675266811,Mudcrab
98,122.7325157,-4.683807612,Mudcrab
99,122.4231778,-4.671128191,Mudcrab
100,122.8444514,-4.749753332,Mudcrab
101,122.3046419,-4.700522234,Mudcrab
102,122.4660916,-4.726355872,Mudcrab
103,122.3840854,-4.697479639,Mudcrab
104,122.4708602,-4.70772806,Mudcrab
105,122.0369493,-4.712916198,Mudcrab
106,122.3998484,-4.715585821,Mudcrab
107,123.2102453,-4.713551947,Mudcrab
108,121.5177317,-4.7428588,Mudcrab
109,122.7321134,-4.726197052,Mudcrab
110,122.352044,-4.733635139,Mudcrab
111,122.0369244,-4.731006965,Mudcrab
112,123.1258825,-4.755598524,Mudcrab
113,122.0414106,-4.74684274,Mudcrab
114,122.7420552,-4.774395226,Mudcrab
115,123.0447659,-4.766320028,Mudcrab
116,122.0706648,-4.783064751,Mudcrab
117,122.8451963,-4.805325179,Mudcrab
118,122.0954342,-4.803450459,Mudcrab
119,123.1685688,-4.824384475,Mudcrab
120,121.6362422,-4.816253749,Mudcrab
121,123.0084906,-4.825159222,Mudcrab
122,123.0371569,-4.827958415,Mudcrab
123,123.1155875,-4.839096438,Mudcrab
124,122.8226435,-4.833428757,Mudcrab
125,122.3438511,-4.791458797,Mudcrab
126,121.75015,-4.845542611,Mudcrab
127,123.0689584,-4.849691221,Mudcrab
128,123.0080939,-4.889994266,Mudcrab
129,123.2046526,-4.858299137,Mudcrab
130,120.3419892,-4.846033429,Mudcrab
131,122.8176534,-4.880922448,Mudcrab
132,122.3382707,-4.914491489,Mudcrab
133,122.0579009,-4.859411623,Mudcrab
134,122.7345378,-4.869586445,Mudcrab
135,121.9049897,-4.881345772,Mudcrab
136,121.9916052,-4.893757402,Mudcrab
137,122.8240368,-4.924800088,Mudcrab
138,123.0107472,-4.935226763,Mudcrab
139,122.9949622,-4.944273413,Mudcrab
140,122.3769388,-4.988021917,Mudcrab
141,122.7964948,-5.028676969,Mudcrab
142,122.7547696,-5.03469363,Mudcrab
143,122.3826305,-5.056685591,Mudcrab
144,122.9761665,-5.060975673,Mudcrab
145,121.8623326,-5.0780655,Mudcrab
146,121.9785325,-5.085948582,Mudcrab
147,121.9354914,-5.089270681,Mudcrab
148,121.9092171,-5.090809536,Mudcrab
149,122.35017,-5.097171927,Mudcrab
150,122.7802317,-5.102099413,Mudcrab
151,120.2870763,-5.091395118,Mudcrab
152,121.9822233,-5.128918779,Mudcrab
153,122.312492,-5.150466936,Mudcrab
154,121.8441003,-5.139784152,Mudcrab
155,123.028796,-5.136261921,Mudcrab
156,122.0363115,-5.155233992,Mudcrab
157,122.0032245,-5.160107561,Mudcrab
158,122.9808098,-5.172494667,Mudcrab
159,123.0685817,-5.168790341,Mudcrab
160,121.822277,-5.186303962,Mudcrab
161,122.9400672,-5.196444902,Mudcrab
162,123.1054987,-5.192543771,Mudcrab
163,122.05656,-5.189335291,Mudcrab
164,122.7998238,-5.203201009,Mudcrab
165,122.3076475,-5.226598079,Mudcrab
166,122.0640259,-5.224774106,Mudcrab
167,123.1416011,-5.228722907,Mudcrab
168,121.8061293,-5.227602703,Mudcrab
169,122.7501775,-5.243892165,Mudcrab
170,122.0451758,-5.259721119,Mudcrab
171,121.7699828,-5.25742966,Mudcrab
172,122.526315,-5.287217173,Mudcrab
173,121.7981367,-5.278965538,Mudcrab
174,123.2025247,-5.265394635,Mudcrab
175,122.0570063,-5.301717431,Mudcrab
176,121.8342329,-5.33134993,Mudcrab
177,122.4297576,-5.31718159,Mudcrab
178,122.6881018,-5.312843189,Mudcrab
179,123.1912659,-5.338272945,Mudcrab
180,122.0388879,-5.347327217,Mudcrab
181,122.4905109,-5.322081197,Mudcrab
182,122.6467166,-5.348252412,Mudcrab
183,124.353213,-5.347614955,Mudcrab
184,122.4782213,-5.37074763,Mudcrab
185,123.1519507,-5.380428952,Mudcrab
186,122.4127657,-5.391795579,Mudcrab
187,123.6407982,-5.403501762,Mudcrab
188,122.518817,-5.39641181,Mudcrab
189,123.1152056,-5.404991504,Mudcrab
190,121.9140742,-5.41146092,Mudcrab
191,122.6355837,-5.414020279,Mudcrab
192,122.9410011,-5.422093931,Mudcrab
193,123.0000363,-5.415260838,Mudcrab
194,122.5594169,-5.421319766,Mudcrab
195,122.6015474,-5.411548849,Mudcrab
196,123.7408626,-5.486608132,Mudcrab
197,121.9701808,-5.486180171,Mudcrab
198,123.7969154,-5.537330754,Mudcrab
199,122.8505036,-5.523234315,Mudcrab
200,123.7495872,-5.545394622,Mudcrab
201,122.8978959,-5.561691793,Mudcrab
202,123.8191359,-5.583745987,Mudcrab
203,120.3758159,-5.540053555,Mudcrab
204,122.8685448,-5.593348491,Mudcrab
205,119.8699594,-5.609857405,Mudcrab
206,122.7150309,-5.622694589,Mudcrab
207,123.927574,-5.82102244,Mudcrab
208,120.4506817,-6.209437843,Mudcrab
209,120.4332679,-6.63027315,Mudcrab
210,121.1203014,-7.31590103,Mudcrab
211,120.6327222,-7.076196246,Mudcrab
212,122.9421035,-4.089088171,Mudcrab
213,123.0679631,-4.795780058,Mudcrab
214,122.3235246,-4.646329883,Mudcrab
215,122.3512836,-4.650345428,Mudcrab
216,122.3299957,-4.689137543,Mudcrab
